,Time,Temperature,Dew Point,Humidity,Wind,Wind Speed,Wind Gust,Pressure,Precip.,Condition,City,Date
0,12:54 AM,66 °F,59 °F,78 °%,SE,6 °mph,0 °mph,30.03 °in,0.0 °in,Fair,PHOG,1/4/2024
1,1:54 AM,65 °F,59 °F,81 °%,SE,8 °mph,0 °mph,30.01 °in,0.0 °in,Fair,PHOG,1/4/2024
2,2:54 AM,65 °F,59 °F,81 °%,SSE,5 °mph,0 °mph,30.00 °in,0.0 °in,Fair,PHOG,1/4/2024
3,3:54 AM,64 °F,59 °F,84 °%,S,3 °mph,0 °mph,29.99 °in,0.0 °in,Fair,PHOG,1/4/2024
4,4:54 AM,65 °F,58 °F,78 °%,CALM,0 °mph,0 °mph,29.98 °in,0.0 °in,Fair,PHOG,1/4/2024
5,5:54 AM,64 °F,58 °F,80 °%,E,7 °mph,0 °mph,29.99 °in,0.0 °in,Fair,PHOG,1/4/2024
6,6:54 AM,64 °F,59 °F,84 °%,ESE,10 °mph,0 °mph,29.99 °in,0.0 °in,Fair,PHOG,1/4/2024
7,7:54 AM,64 °F,58 °F,80 °%,VAR,6 °mph,0 °mph,29.99 °in,0.0 °in,Fair,PHOG,1/4/2024
8,8:54 AM,73 °F,62 °F,68 °%,W,5 °mph,0 °mph,30.00 °in,0.0 °in,Fair,PHOG,1/4/2024
9,9:54 AM,78 °F,63 °F,60 °%,VAR,3 °mph,0 °mph,29.99 °in,0.0 °in,Partly Cloudy,PHOG,1/4/2024
10,10:54 AM,79 °F,62 °F,56 °%,S,6 °mph,0 °mph,29.97 °in,0.0 °in,Fair,PHOG,1/4/2024
11,11:54 AM,81 °F,62 °F,52 °%,NNW,3 °mph,0 °mph,29.95 °in,0.0 °in,Fair,PHOG,1/4/2024
12,12:54 PM,84 °F,65 °F,53 °%,VAR,5 °mph,0 °mph,29.90 °in,0.0 °in,Fair,PHOG,1/4/2024
13,1:54 PM,83 °F,64 °F,53 °%,E,10 °mph,0 °mph,29.87 °in,0.0 °in,Fair,PHOG,1/4/2024
14,2:54 PM,85 °F,65 °F,51 °%,NE,10 °mph,0 °mph,29.86 °in,0.0 °in,Partly Cloudy,PHOG,1/4/2024
15,3:54 PM,83 °F,65 °F,54 °%,N,10 °mph,0 °mph,29.85 °in,0.0 °in,Fair,PHOG,1/4/2024
16,4:54 PM,79 °F,65 °F,62 °%,E,9 °mph,0 °mph,29.87 °in,0.0 °in,Fair,PHOG,1/4/2024
17,5:54 PM,76 °F,63 °F,64 °%,VAR,6 °mph,0 °mph,29.90 °in,0.0 °in,Cloudy,PHOG,1/4/2024
18,6:54 PM,76 °F,64 °F,67 °%,CALM,0 °mph,0 °mph,29.93 °in,0.0 °in,Partly Cloudy,PHOG,1/4/2024
19,7:54 PM,75 °F,65 °F,71 °%,CALM,0 °mph,0 °mph,29.96 °in,0.0 °in,Cloudy,PHOG,1/4/2024
20,8:54 PM,74 °F,65 °F,73 °%,SSW,3 °mph,0 °mph,29.97 °in,0.0 °in,Cloudy,PHOG,1/4/2024
21,9:54 PM,73 °F,65 °F,76 °%,SE,5 °mph,0 °mph,29.97 °in,0.0 °in,Mostly Cloudy,PHOG,1/4/2024
22,10:54 PM,72 °F,65 °F,78 °%,CALM,0 °mph,0 °mph,29.98 °in,0.0 °in,Mostly Cloudy,PHOG,1/4/2024
23,11:54 PM,72 °F,62 °F,71 °%,E,5 °mph,0 °mph,29.97 °in,0.0 °in,Fair,PHOG,1/4/2024
24,,,,,,,,,,,PHOG,1/4/2024
0,12:54 AM,72 °F,63 °F,73 °%,W,5 °mph,0 °mph,29.98 °in,0.0 °in,Cloudy,PHOG,1/5/2024
1,1:54 AM,69 °F,63 °F,81 °%,SSE,7 °mph,0 °mph,29.98 °in,0.0 °in,Mostly Cloudy,PHOG,1/5/2024
2,2:54 AM,68 °F,63 °F,84 °%,ESE,3 °mph,0 °mph,29.98 °in,0.0 °in,Partly Cloudy,PHOG,1/5/2024
3,3:54 AM,65 °F,61 °F,87 °%,SSW,7 °mph,0 °mph,29.97 °in,0.0 °in,Fair,PHOG,1/5/2024
4,4:54 AM,68 °F,63 °F,84 °%,E,7 °mph,0 °mph,29.98 °in,0.0 °in,Fair,PHOG,1/5/2024
5,5:54 AM,64 °F,61 °F,90 °%,S,8 °mph,0 °mph,29.98 °in,0.0 °in,Fair,PHOG,1/5/2024
6,6:54 AM,64 °F,60 °F,87 °%,S,3 °mph,0 °mph,29.98 °in,0.0 °in,Fair,PHOG,1/5/2024
7,7:54 AM,69 °F,61 °F,75 °%,SE,3 °mph,0 °mph,30.00 °in,0.0 °in,Fair,PHOG,1/5/2024
8,8:54 AM,76 °F,64 °F,67 °%,CALM,0 °mph,0 °mph,30.02 °in,0.0 °in,Fair,PHOG,1/5/2024
9,9:54 AM,79 °F,64 °F,60 °%,WNW,3 °mph,0 °mph,30.02 °in,0.0 °in,Fair,PHOG,1/5/2024
10,10:54 AM,83 °F,61 °F,47 °%,CALM,0 °mph,0 °mph,30.01 °in,0.0 °in,Fair,PHOG,1/5/2024
11,11:54 AM,84 °F,62 °F,47 °%,N,9 °mph,0 °mph,30.00 °in,0.0 °in,Fair,PHOG,1/5/2024
12,12:54 PM,85 °F,63 °F,48 °%,N,13 °mph,0 °mph,29.97 °in,0.0 °in,Fair,PHOG,1/5/2024
13,1:54 PM,84 °F,65 °F,53 °%,N,12 °mph,18 °mph,29.94 °in,0.0 °in,Partly Cloudy,PHOG,1/5/2024
14,2:54 PM,83 °F,65 °F,54 °%,NNE,14 °mph,0 °mph,29.94 °in,0.0 °in,Partly Cloudy,PHOG,1/5/2024
15,3:54 PM,81 °F,64 °F,56 °%,NNW,8 °mph,0 °mph,29.94 °in,0.0 °in,Partly Cloudy,PHOG,1/5/2024
16,4:54 PM,80 °F,63 °F,56 °%,W,5 °mph,0 °mph,29.96 °in,0.0 °in,Partly Cloudy,PHOG,1/5/2024
17,5:54 PM,77 °F,63 °F,62 °%,W,7 °mph,0 °mph,29.98 °in,0.0 °in,Fair,PHOG,1/5/2024
18,6:54 PM,75 °F,64 °F,69 °%,E,7 °mph,0 °mph,30.01 °in,0.0 °in,Mostly Cloudy,PHOG,1/5/2024
19,7:54 PM,74 °F,64 °F,71 °%,NE,5 °mph,0 °mph,30.01 °in,0.0 °in,Fair,PHOG,1/5/2024
20,8:54 PM,72 °F,63 °F,73 °%,ESE,6 °mph,0 °mph,30.01 °in,0.0 °in,Fair,PHOG,1/5/2024
21,9:54 PM,69 °F,62 °F,78 °%,ESE,6 °mph,0 °mph,30.01 °in,0.0 °in,Fair,PHOG,1/5/2024
22,10:54 PM,69 °F,61 °F,75 °%,CALM,0 °mph,0 °mph,30.02 °in,0.0 °in,Fair,PHOG,1/5/2024
23,11:54 PM,66 °F,59 °F,78 °%,SE,6 °mph,0 °mph,30.01 °in,0.0 °in,Fair,PHOG,1/5/2024
24,,,,,,,,,,,PHOG,1/5/2024
0,12:54 AM,65 °F,60 °F,84 °%,ESE,8 °mph,0 °mph,30.00 °in,0.0 °in,Fair,PHOG,1/6/2024
1,1:54 AM,64 °F,59 °F,84 °%,SE,6 °mph,0 °mph,30.00 °in,0.0 °in,Fair,PHOG,1/6/2024
2,2:54 AM,64 °F,60 °F,87 °%,SSE,8 °mph,0 °mph,29.98 °in,0.0 °in,Fair,PHOG,1/6/2024
3,3:54 AM,67 °F,58 °F,73 °%,SW,3 °mph,0 °mph,29.97 °in,0.0 °in,Fair,PHOG,1/6/2024
4,4:54 AM,65 °F,58 °F,78 °%,ESE,6 °mph,0 °mph,29.98 °in,0.0 °in,Fair,PHOG,1/6/2024
5,5:54 AM,64 °F,58 °F,80 °%,SE,5 °mph,0 °mph,29.99 °in,0.0 °in,Fair,PHOG,1/6/2024
6,6:54 AM,64 °F,58 °F,80 °%,SE,9 °mph,0 °mph,30.01 °in,0.0 °in,Fair,PHOG,1/6/2024
7,7:54 AM,68 °F,60 °F,76 °%,SSE,3 °mph,0 °mph,30.02 °in,0.0 °in,Fair,PHOG,1/6/2024
8,8:54 AM,75 °F,63 °F,66 °%,W,7 °mph,0 °mph,30.01 °in,0.0 °in,Fair,PHOG,1/6/2024
9,9:54 AM,79 °F,64 °F,60 °%,VAR,3 °mph,0 °mph,30.02 °in,0.0 °in,Fair,PHOG,1/6/2024
10,10:54 AM,81 °F,61 °F,50 °%,S,5 °mph,0 °mph,30.00 °in,0.0 °in,Fair,PHOG,1/6/2024
11,11:54 AM,83 °F,62 °F,49 °%,VAR,7 °mph,0 °mph,29.97 °in,0.0 °in,Fair,PHOG,1/6/2024
12,12:54 PM,82 °F,63 °F,52 °%,ENE,14 °mph,23 °mph,29.95 °in,0.0 °in,Fair,PHOG,1/6/2024
13,1:54 PM,83 °F,63 °F,51 °%,ENE,9 °mph,0 °mph,29.92 °in,0.0 °in,Fair,PHOG,1/6/2024
14,2:54 PM,84 °F,64 °F,51 °%,N,14 °mph,18 °mph,29.92 °in,0.0 °in,Fair,PHOG,1/6/2024
15,3:54 PM,83 °F,65 °F,54 °%,NE,12 °mph,18 °mph,29.92 °in,0.0 °in,Fair,PHOG,1/6/2024
16,4:54 PM,81 °F,64 °F,56 °%,VAR,7 °mph,0 °mph,29.93 °in,0.0 °in,Fair,PHOG,1/6/2024
17,5:54 PM,78 °F,65 °F,64 °%,VAR,5 °mph,0 °mph,29.94 °in,0.0 °in,Fair,PHOG,1/6/2024
18,6:54 PM,76 °F,66 °F,71 °%,WNW,6 °mph,0 °mph,29.96 °in,0.0 °in,Fair,PHOG,1/6/2024
19,7:54 PM,74 °F,66 °F,76 °%,W,7 °mph,0 °mph,29.98 °in,0.0 °in,Fair,PHOG,1/6/2024
20,8:54 PM,71 °F,64 °F,78 °%,ESE,5 °mph,0 °mph,30.00 °in,0.0 °in,Fair,PHOG,1/6/2024
21,9:54 PM,68 °F,63 °F,84 °%,SSE,5 °mph,0 °mph,30.00 °in,0.0 °in,Fair,PHOG,1/6/2024
22,10:54 PM,67 °F,62 °F,84 °%,SSE,5 °mph,0 °mph,30.01 °in,0.0 °in,Fair,PHOG,1/6/2024
23,11:54 PM,70 °F,63 °F,78 °%,CALM,0 °mph,0 °mph,30.01 °in,0.0 °in,Mostly Cloudy,PHOG,1/6/2024
24,,,,,,,,,,,PHOG,1/6/2024
0,12:54 AM,67 °F,63 °F,87 °%,CALM,0 °mph,0 °mph,30.00 °in,0.0 °in,Mostly Cloudy,PHOG,1/7/2024
1,1:54 AM,66 °F,63 °F,90 °%,S,5 °mph,0 °mph,29.97 °in,0.0 °in,Fair,PHOG,1/7/2024
2,2:54 AM,65 °F,61 °F,87 °%,SSE,5 °mph,0 °mph,29.95 °in,0.0 °in,Fair,PHOG,1/7/2024
3,3:54 AM,63 °F,60 °F,90 °%,CALM,0 °mph,0 °mph,29.94 °in,0.0 °in,Fair,PHOG,1/7/2024
4,4:54 AM,63 °F,60 °F,90 °%,SSE,7 °mph,0 °mph,29.95 °in,0.0 °in,Fair,PHOG,1/7/2024
5,5:54 AM,65 °F,60 °F,84 °%,SE,8 °mph,0 °mph,29.96 °in,0.0 °in,Fair,PHOG,1/7/2024
6,6:54 AM,63 °F,59 °F,87 °%,CALM,0 °mph,0 °mph,29.97 °in,0.0 °in,Fair,PHOG,1/7/2024
7,7:54 AM,69 °F,63 °F,81 °%,CALM,0 °mph,0 °mph,29.98 °in,0.0 °in,Fair,PHOG,1/7/2024
8,8:54 AM,74 °F,65 °F,73 °%,CALM,0 °mph,0 °mph,29.98 °in,0.0 °in,Fair,PHOG,1/7/2024
9,9:54 AM,77 °F,66 °F,69 °%,N,6 °mph,0 °mph,29.98 °in,0.0 °in,Fair,PHOG,1/7/2024
10,10:54 AM,79 °F,66 °F,64 °%,NW,8 °mph,0 °mph,29.96 °in,0.0 °in,Fair,PHOG,1/7/2024
11,11:54 AM,81 °F,65 °F,58 °%,N,7 °mph,0 °mph,29.92 °in,0.0 °in,Fair,PHOG,1/7/2024
12,12:54 PM,81 °F,66 °F,60 °%,WNW,7 °mph,0 °mph,29.89 °in,0.0 °in,Fair,PHOG,1/7/2024
13,1:54 PM,84 °F,65 °F,53 °%,SSW,15 °mph,21 °mph,29.85 °in,0.0 °in,Fair,PHOG,1/7/2024
14,2:54 PM,83 °F,67 °F,58 °%,SSW,18 °mph,0 °mph,29.84 °in,0.0 °in,Partly Cloudy,PHOG,1/7/2024
15,3:54 PM,81 °F,67 °F,62 °%,NNW,8 °mph,0 °mph,29.84 °in,0.0 °in,Partly Cloudy,PHOG,1/7/2024
16,4:54 PM,80 °F,66 °F,62 °%,SW,10 °mph,20 °mph,29.85 °in,0.0 °in,Partly Cloudy,PHOG,1/7/2024
17,5:54 PM,77 °F,65 °F,66 °%,SSW,10 °mph,0 °mph,29.86 °in,0.0 °in,Partly Cloudy,PHOG,1/7/2024
18,6:54 PM,76 °F,66 °F,71 °%,SSW,14 °mph,0 °mph,29.87 °in,0.0 °in,Partly Cloudy,PHOG,1/7/2024
19,7:54 PM,75 °F,67 °F,76 °%,S,12 °mph,0 °mph,29.89 °in,0.0 °in,Partly Cloudy,PHOG,1/7/2024
20,8:54 PM,75 °F,68 °F,79 °%,S,10 °mph,0 °mph,29.89 °in,0.0 °in,Partly Cloudy,PHOG,1/7/2024
21,9:54 PM,73 °F,70 °F,90 °%,S,8 °mph,0 °mph,29.89 °in,0.0 °in,Partly Cloudy,PHOG,1/7/2024
22,10:54 PM,73 °F,70 °F,90 °%,SSW,9 °mph,0 °mph,29.88 °in,0.0 °in,Partly Cloudy,PHOG,1/7/2024
23,11:54 PM,73 °F,69 °F,87 °%,SSW,14 °mph,0 °mph,29.87 °in,0.0 °in,Fair,PHOG,1/7/2024
24,,,,,,,,,,,PHOG,1/7/2024
0,12:53 AM,66 °F,62 °F,87 °%,CALM,0 °mph,0 °mph,29.89 °in,0.0 °in,Fair,PHNL,1/11/2024
1,1:53 AM,66 °F,62 °F,87 °%,NNW,3 °mph,0 °mph,29.88 °in,0.0 °in,Fair,PHNL,1/11/2024
2,2:53 AM,65 °F,62 °F,90 °%,CALM,0 °mph,0 °mph,29.87 °in,0.0 °in,Fair,PHNL,1/11/2024
3,3:53 AM,64 °F,61 °F,90 °%,CALM,0 °mph,0 °mph,29.86 °in,0.0 °in,Mostly Cloudy,PHNL,1/11/2024
4,4:53 AM,64 °F,62 °F,93 °%,CALM,0 °mph,0 °mph,29.87 °in,0.0 °in,Partly Cloudy,PHNL,1/11/2024
5,5:53 AM,66 °F,64 °F,93 °%,CALM,0 °mph,0 °mph,29.87 °in,0.0 °in,Mostly Cloudy,PHNL,1/11/2024
6,6:53 AM,65 °F,64 °F,97 °%,CALM,0 °mph,0 °mph,29.89 °in,0.0 °in,Partly Cloudy,PHNL,1/11/2024
7,7:53 AM,66 °F,62 °F,87 °%,CALM,0 °mph,0 °mph,29.89 °in,0.0 °in,Partly Cloudy,PHNL,1/11/2024
8,8:53 AM,70 °F,64 °F,81 °%,W,6 °mph,0 °mph,29.91 °in,0.0 °in,Partly Cloudy,PHNL,1/11/2024
9,9:53 AM,75 °F,58 °F,55 °%,W,14 °mph,0 °mph,29.92 °in,0.0 °in,Partly Cloudy,PHNL,1/11/2024
10,10:53 AM,77 °F,60 °F,56 °%,WSW,17 °mph,26 °mph,29.90 °in,0.0 °in,Partly Cloudy,PHNL,1/11/2024
11,11:53 AM,78 °F,59 °F,52 °%,WSW,20 °mph,30 °mph,29.87 °in,0.0 °in,Partly Cloudy,PHNL,1/11/2024
12,12:53 PM,79 °F,60 °F,52 °%,W,20 °mph,31 °mph,29.83 °in,0.0 °in,Partly Cloudy,PHNL,1/11/2024
13,1:53 PM,79 °F,60 °F,52 °%,WSW,21 °mph,31 °mph,29.79 °in,0.0 °in,Partly Cloudy / Windy,PHNL,1/11/2024
14,2:53 PM,76 °F,61 °F,60 °%,W,22 °mph,31 °mph,29.77 °in,0.0 °in,Mostly Cloudy / Windy,PHNL,1/11/2024
15,3:53 PM,69 °F,63 °F,81 °%,WNW,13 °mph,0 °mph,29.79 °in,0.0 °in,Mostly Cloudy,PHNL,1/11/2024
16,4:07 PM,67 °F,61 °F,81 °%,N,16 °mph,33 °mph,29.80 °in,0.0 °in,Cloudy,PHNL,1/11/2024
17,4:53 PM,65 °F,61 °F,87 °%,NNW,13 °mph,25 °mph,29.80 °in,0.0 °in,Light Rain,PHNL,1/11/2024
18,5:53 PM,64 °F,61 °F,90 °%,NNW,15 °mph,0 °mph,29.83 °in,0.0 °in,Light Rain,PHNL,1/11/2024
19,6:53 PM,63 °F,59 °F,87 °%,NW,10 °mph,23 °mph,29.84 °in,0.0 °in,Light Rain,PHNL,1/11/2024
20,7:53 PM,64 °F,58 °F,80 °%,N,6 °mph,0 °mph,29.82 °in,0.0 °in,Mostly Cloudy,PHNL,1/11/2024
21,8:53 PM,64 °F,59 °F,84 °%,NNW,7 °mph,0 °mph,29.84 °in,0.0 °in,Mostly Cloudy,PHNL,1/11/2024
22,9:53 PM,65 °F,54 °F,68 °%,NW,15 °mph,0 °mph,29.85 °in,0.0 °in,Mostly Cloudy,PHNL,1/11/2024
23,10:53 PM,64 °F,53 °F,67 °%,N,12 °mph,0 °mph,29.85 °in,0.0 °in,Fair,PHNL,1/11/2024
24,11:53 PM,64 °F,53 °F,67 °%,NNW,8 °mph,0 °mph,29.86 °in,0.0 °in,Fair,PHNL,1/11/2024
25,,,,,,,,,,,PHNL,1/11/2024
0,12:53 AM,62 °F,55 °F,78 °%,N,9 °mph,0 °mph,29.86 °in,0.0 °in,Fair,PHNL,1/12/2024
1,1:53 AM,63 °F,54 °F,72 °%,NNW,13 °mph,20 °mph,29.85 °in,0.0 °in,Fair,PHNL,1/12/2024
2,2:53 AM,62 °F,55 °F,78 °%,NNW,13 °mph,0 °mph,29.83 °in,0.0 °in,Fair,PHNL,1/12/2024
3,3:53 AM,63 °F,53 °F,70 °%,NNW,12 °mph,0 °mph,29.81 °in,0.0 °in,Fair,PHNL,1/12/2024
4,4:53 AM,61 °F,54 °F,78 °%,NW,10 °mph,0 °mph,29.83 °in,0.0 °in,Fair,PHNL,1/12/2024
5,5:53 AM,60 °F,54 °F,80 °%,NW,7 °mph,0 °mph,29.85 °in,0.0 °in,Partly Cloudy,PHNL,1/12/2024
6,6:53 AM,62 °F,54 °F,75 °%,W,6 °mph,0 °mph,29.85 °in,0.0 °in,Fair,PHNL,1/12/2024
7,7:53 AM,63 °F,55 °F,75 °%,NW,7 °mph,0 °mph,29.88 °in,0.0 °in,Fair,PHNL,1/12/2024
8,8:53 AM,68 °F,54 °F,61 °%,NNW,8 °mph,0 °mph,29.90 °in,0.0 °in,Partly Cloudy,PHNL,1/12/2024
9,9:53 AM,70 °F,55 °F,59 °%,NW,13 °mph,21 °mph,29.92 °in,0.0 °in,Partly Cloudy,PHNL,1/12/2024
10,10:53 AM,74 °F,55 °F,52 °%,N,10 °mph,25 °mph,29.90 °in,0.0 °in,Partly Cloudy,PHNL,1/12/2024
11,11:53 AM,75 °F,56 °F,51 °%,N,15 °mph,26 °mph,29.88 °in,0.0 °in,Partly Cloudy,PHNL,1/12/2024
12,12:37 PM,75 °F,57 °F,53 °%,NNW,15 °mph,28 °mph,29.86 °in,0.0 °in,Partly Cloudy,PHNL,1/12/2024
13,12:53 PM,75 °F,56 °F,51 °%,NNW,16 °mph,26 °mph,29.85 °in,0.0 °in,Partly Cloudy,PHNL,1/12/2024
14,1:53 PM,70 °F,60 °F,71 °%,NNW,15 °mph,39 °mph,29.84 °in,0.0 °in,Light Rain,PHNL,1/12/2024
15,2:28 PM,67 °F,63 °F,87 °%,N,14 °mph,23 °mph,29.84 °in,0.0 °in,Light Rain,PHNL,1/12/2024
16,2:53 PM,71 °F,60 °F,68 °%,NW,14 °mph,21 °mph,29.84 °in,0.0 °in,Mostly Cloudy,PHNL,1/12/2024
17,3:53 PM,71 °F,61 °F,70 °%,NW,20 °mph,25 °mph,29.84 °in,0.0 °in,Partly Cloudy,PHNL,1/12/2024
18,4:53 PM,69 °F,60 °F,73 °%,NNW,15 °mph,0 °mph,29.86 °in,0.0 °in,Mostly Cloudy,PHNL,1/12/2024
19,5:53 PM,68 °F,59 °F,73 °%,N,12 °mph,0 °mph,29.87 °in,0.0 °in,Partly Cloudy,PHNL,1/12/2024
20,6:53 PM,67 °F,59 °F,76 °%,NW,7 °mph,0 °mph,29.89 °in,0.0 °in,Partly Cloudy,PHNL,1/12/2024
21,7:53 PM,66 °F,59 °F,78 °%,NW,7 °mph,0 °mph,29.89 °in,0.0 °in,Mostly Cloudy,PHNL,1/12/2024
22,8:53 PM,65 °F,59 °F,81 °%,NW,7 °mph,0 °mph,29.90 °in,0.0 °in,Partly Cloudy,PHNL,1/12/2024
23,9:53 PM,65 °F,58 °F,78 °%,NNW,7 °mph,0 °mph,29.91 °in,0.0 °in,Partly Cloudy,PHNL,1/12/2024
24,10:53 PM,67 °F,56 °F,68 °%,NNW,8 °mph,0 °mph,29.91 °in,0.0 °in,Mostly Cloudy,PHNL,1/12/2024
25,11:53 PM,65 °F,56 °F,73 °%,WNW,7 °mph,0 °mph,29.90 °in,0.0 °in,Fair,PHNL,1/12/2024
26,,,,,,,,,,,PHNL,1/12/2024
